{
  "Get Product By Id" : {
    "transaction" : "Get Product By Id",
    "sampleCount" : 50,
    "errorCount" : 0,
    "errorPct" : 0.0,
    "meanResTime" : 5.259999999999999,
    "medianResTime" : 5.0,
    "minResTime" : 4.0,
    "maxResTime" : 25.0,
    "pct1ResTime" : 6.0,
    "pct2ResTime" : 7.0,
    "pct3ResTime" : 25.0,
    "throughput" : 5.530973451327434,
    "receivedKBytesPerSec" : 1.6960211559734515,
    "sentKBytesPerSec" : 0.8696159430309736
  },
  "Total" : {
    "transaction" : "Total",
    "sampleCount" : 200,
    "errorCount" : 0,
    "errorPct" : 0.0,
    "meanResTime" : 9.105000000000006,
    "medianResTime" : 6.0,
    "minResTime" : 3.0,
    "maxResTime" : 161.0,
    "pct1ResTime" : 14.0,
    "pct2ResTime" : 15.0,
    "pct3ResTime" : 52.91000000000008,
    "throughput" : 22.002200220022004,
    "receivedKBytesPerSec" : 7.191969196919692,
    "sentKBytesPerSec" : 4.786123143564357
  },
  "Get Order By Id" : {
    "transaction" : "Get Order By Id",
    "sampleCount" : 50,
    "errorCount" : 0,
    "errorPct" : 0.0,
    "meanResTime" : 5.46,
    "medianResTime" : 5.0,
    "minResTime" : 3.0,
    "maxResTime" : 16.0,
    "pct1ResTime" : 6.0,
    "pct2ResTime" : 9.249999999999979,
    "pct3ResTime" : 16.0,
    "throughput" : 5.516936996579498,
    "receivedKBytesPerSec" : 1.9121789832285114,
    "sentKBytesPerSec" : 0.8566337719298245
  },
  "Create Product" : {
    "transaction" : "Create Product",
    "sampleCount" : 50,
    "errorCount" : 0,
    "errorPct" : 0.0,
    "meanResTime" : 8.779999999999998,
    "medianResTime" : 6.0,
    "minResTime" : 5.0,
    "maxResTime" : 53.0,
    "pct1ResTime" : 13.599999999999994,
    "pct2ResTime" : 32.599999999999966,
    "pct3ResTime" : 53.0,
    "throughput" : 5.52364118426867,
    "receivedKBytesPerSec" : 1.6937727850198852,
    "sentKBytesPerSec" : 1.7962622210561203
  },
  "Create Order" : {
    "transaction" : "Create Order",
    "sampleCount" : 50,
    "errorCount" : 0,
    "errorPct" : 0.0,
    "meanResTime" : 16.92,
    "medianResTime" : 13.0,
    "minResTime" : 11.0,
    "maxResTime" : 161.0,
    "pct1ResTime" : 15.0,
    "pct2ResTime" : 31.349999999999902,
    "pct3ResTime" : 161.0,
    "throughput" : 5.5060015416804315,
    "receivedKBytesPerSec" : 1.9139807702896159,
    "sentKBytesPerSec" : 1.2797152020702567
  }
}